USE cooper;

-- need to add multiple reviews for a job
-- multiple students to a job
-- multiple reviews to a student
-- figure out how to update ratings of a job and employer as reviews are added or if query needed on api side for it



INSERT INTO JobCategory (Name) VALUES ('Software Development');
INSERT INTO JobCategory (Name) VALUES ('Data Science');
INSERT INTO JobCategory (Name) VALUES ('Marketing');
INSERT INTO JobCategory (Name) VALUES ('Design');
INSERT INTO JobCategory (Name) VALUES ('Human Resources');
INSERT INTO JobCategory (Name) VALUES ('Project Management');
INSERT INTO JobCategory (Name) VALUES ('Quality Assurance');
INSERT INTO JobCategory (Name) VALUES ('Business Analysis');
INSERT INTO JobCategory (Name) VALUES ('Cybersecurity');
INSERT INTO JobCategory (Name) VALUES ('Technical Support');
INSERT INTO JobCategory (Name) VALUES ('Database Administration');
INSERT INTO JobCategory (Name) VALUES ('Cloud Computing');
INSERT INTO JobCategory (Name) VALUES ('Artificial Intelligence');
INSERT INTO JobCategory (Name) VALUES ('Machine Learning');
INSERT INTO JobCategory (Name) VALUES ('Front-End Development');
INSERT INTO JobCategory (Name) VALUES ('Back-End Development');
INSERT INTO JobCategory (Name) VALUES ('Mobile App Development');
INSERT INTO JobCategory (Name) VALUES ('Game Development');
INSERT INTO JobCategory (Name) VALUES ('Embedded Systems');
INSERT INTO JobCategory (Name) VALUES ('DevOps');
INSERT INTO JobCategory (Name) VALUES ('IT Operations');
INSERT INTO JobCategory (Name) VALUES ('Digital Marketing');
INSERT INTO JobCategory (Name) VALUES ('Content Writing');
INSERT INTO JobCategory (Name) VALUES ('Graphic Design');
INSERT INTO JobCategory (Name) VALUES ('Video Editing');
INSERT INTO JobCategory (Name) VALUES ('UI/UX Design');
INSERT INTO JobCategory (Name) VALUES ('Finance');
INSERT INTO JobCategory (Name) VALUES ('Accounting');
INSERT INTO JobCategory (Name) VALUES ('Sales');
INSERT INTO JobCategory (Name) VALUES ('Customer Service');
INSERT INTO JobCategory (Name) VALUES ('Healthcare Administration');
INSERT INTO JobCategory (Name) VALUES ('Nursing');
INSERT INTO JobCategory (Name) VALUES ('Medical Research');
INSERT INTO JobCategory (Name) VALUES ('Education');
INSERT INTO JobCategory (Name) VALUES ('Teaching');
INSERT INTO JobCategory (Name) VALUES ('Research');
INSERT INTO JobCategory (Name) VALUES ('Legal Services');
INSERT INTO JobCategory (Name) VALUES ('Paralegal Services');
INSERT INTO JobCategory (Name) VALUES ('Civil Engineering');
INSERT INTO JobCategory (Name) VALUES ('Mechanical Engineering');
INSERT INTO JobCategory (Name) VALUES ('Electrical Engineering');
INSERT INTO JobCategory (Name) VALUES ('Aerospace Engineering');
INSERT INTO JobCategory (Name) VALUES ('Chemical Engineering');
INSERT INTO JobCategory (Name) VALUES ('Biomedical Engineering');
INSERT INTO JobCategory (Name) VALUES ('Environmental Science');
INSERT INTO JobCategory (Name) VALUES ('Data Analysis');
INSERT INTO JobCategory (Name) VALUES ('Operations Management');
INSERT INTO JobCategory (Name) VALUES ('Logistics');
INSERT INTO JobCategory (Name) VALUES ('Supply Chain Management');
INSERT INTO JobCategory (Name) VALUES ('Public Relations');
INSERT INTO JobCategory (Name) VALUES ('Event Planning');
INSERT INTO JobCategory (Name) VALUES ('Real Estate');
INSERT INTO JobCategory (Name) VALUES ('Construction Management');
INSERT INTO JobCategory (Name) VALUES ('Hospitality Management');
INSERT INTO JobCategory (Name) VALUES ('Travel and Tourism');
INSERT INTO JobCategory (Name) VALUES ('Retail Management');
INSERT INTO JobCategory (Name) VALUES ('E-Commerce');
INSERT INTO JobCategory (Name) VALUES ('Journalism');
INSERT INTO JobCategory (Name) VALUES ('Publishing');
INSERT INTO JobCategory (Name) VALUES ('Photography');
INSERT INTO JobCategory (Name) VALUES ('Human-Computer Interaction');
INSERT INTO JobCategory (Name) VALUES ('Blockchain Development');
INSERT INTO JobCategory (Name) VALUES ('Network Administration');
INSERT INTO JobCategory (Name) VALUES ('Social Media Management');
INSERT INTO JobCategory (Name) VALUES ('Healthcare IT');
INSERT INTO JobCategory (Name) VALUES ('Biotechnology');
INSERT INTO JobCategory (Name) VALUES ('Actuarial Science');
INSERT INTO JobCategory (Name) VALUES ('Public Policy');
INSERT INTO JobCategory (Name) VALUES ('Urban Planning');
INSERT INTO JobCategory (Name) VALUES ('Statistics');
INSERT INTO JobCategory (Name) VALUES ('Robotics');
INSERT INTO JobCategory (Name) VALUES ('Nanotechnology');
INSERT INTO JobCategory (Name) VALUES ('Astrophysics');
INSERT INTO JobCategory (Name) VALUES ('Economics');
INSERT INTO JobCategory (Name) VALUES ('Sociology');
INSERT INTO JobCategory (Name) VALUES ('Psychology');
INSERT INTO JobCategory (Name) VALUES ('Philosophy');
INSERT INTO JobCategory (Name) VALUES ('History');
INSERT INTO JobCategory (Name) VALUES ('Archaeology');
INSERT INTO JobCategory (Name) VALUES ('Linguistics');
INSERT INTO JobCategory (Name) VALUES ('Anthropology');
INSERT INTO JobCategory (Name) VALUES ('Music Production');
INSERT INTO JobCategory (Name) VALUES ('Performing Arts');
INSERT INTO JobCategory (Name) VALUES ('Fine Arts');
INSERT INTO JobCategory (Name) VALUES ('Culinary Arts');
INSERT INTO JobCategory (Name) VALUES ('Fitness Training');
INSERT INTO JobCategory (Name) VALUES ('Sports Management');
INSERT INTO JobCategory (Name) VALUES ('Event Coordination');
INSERT INTO JobCategory (Name) VALUES ('Retail Sales');
INSERT INTO JobCategory (Name) VALUES ('Banking');
INSERT INTO JobCategory (Name) VALUES ('Insurance');
INSERT INTO JobCategory (Name) VALUES ('Investment Banking');
INSERT INTO JobCategory (Name) VALUES ('Audit Services');
INSERT INTO JobCategory (Name) VALUES ('Business Development');
INSERT INTO JobCategory (Name) VALUES ('Quality Control');


INSERT INTO Employer (Name, Email, Address, phoneNumber)
VALUES
('Tech Innovators', 'contact@techinnovators.com', '123 Silicon Blvd, Palo Alto, CA', '650-123-4567'),
('Data Wizards', 'info@datawizards.com', '456 Analytics St, Seattle, WA', '425-789-0123'),
('Creative Minds', 'hello@creativeminds.com', '789 Arts Ln, Los Angeles, CA', '310-456-7890'),
('Cloud Solutions', 'support@cloudsolutions.com', '123 Cloud Ave, Austin, TX', '512-234-5678'),
('Green Energy Co', 'team@greenenergyco.com', '654 Solar Dr, Denver, CO', '303-123-9876'),
('Marketing Gurus', 'services@marketinggurus.com', '321 Branding St, Chicago, IL', '312-456-1234'),
('AI Pioneers', 'jobs@aipioneers.com', '987 Neural Rd, Boston, MA', '617-234-8765'),
('Eco Builders', 'contact@ecobuilders.com', '789 Green Way, Portland, OR', '503-345-6789'),
('Smart Robotics', 'info@smartrobotics.com', '654 Automation Ln, Detroit, MI', '313-123-4567'),
('Urban Developers', 'team@urbandevelopers.com', '567 Skyline Dr, New York, NY', '212-987-6543'),
('MediCare Solutions', 'careers@medicaresolutions.com', '123 Wellness Rd, Houston, TX', '832-654-3210'),
('NextGen Tech', 'info@nextgentech.com', '456 Innovation Blvd, San Francisco, CA', '415-789-6543'),
('Retail Connect', 'sales@retailconnect.com', '321 Mall Dr, Dallas, TX', '214-234-8765'),
('Education First', 'info@educationfirst.com', '789 Knowledge Ln, Atlanta, GA', '404-987-1234'),
('Legal Pros', 'contact@legalpros.com', '123 Justice Blvd, Washington, DC', '202-345-6789'),
('Nano Tech Hub', 'support@nanotechhub.com', '987 Microchip Ave, San Diego, CA', '619-234-5678'),
('Finance World', 'jobs@financeworld.com', '654 Wealth Rd, Charlotte, NC', '704-123-4567'),
('Tech Support Inc', 'help@techsupportinc.com', '321 FixIt St, Raleigh, NC', '919-654-3210'),
('Bright Horizons', 'team@brighthorizons.com', '123 Solar Blvd, Orlando, FL', '407-789-0123'),
('Culinary Delights', 'info@culinarydelights.com', '789 Flavor Ln, Miami, FL', '305-987-6543'),
('Adventure Travel Co', 'explore@adventuretravelco.com', '654 Wanderlust Dr, Phoenix, AZ', '602-345-6789'),
('SoundWave Studios', 'jobs@soundwavestudios.com', '321 Music Ave, Nashville, TN', '615-234-9876'),
('Gaming Legends', 'play@gaminglegends.com', '123 Console St, Bellevue, WA', '425-789-4567'),
('Fashion Trends', 'style@fashiontrends.com', '789 Designer Rd, New York, NY', '212-456-9876'),
('AutoTech Solutions', 'team@autotechsolutions.com', '654 Motorway Ln, Detroit, MI', '313-987-1234'),
('BioHealth Corp', 'careers@biohealthcorp.com', '321 Genome Blvd, San Diego, CA', '619-654-9876'),
('Ocean Explorers', 'contact@oceanexplorers.com', '123 Wave St, Honolulu, HI', '808-234-5678'),
('Happy Pets', 'info@happypets.com', '654 Paw Ln, Los Angeles, CA', '310-345-6789'),
('Home Builders Co', 'build@homebuildersco.com', '321 Foundation Rd, Kansas City, MO', '816-987-6543'),
('Renewable Future', 'team@renewablefuture.com', '456 Wind St, Minneapolis, MN', '612-123-9876'),
('City Planners Inc', 'info@cityplannersinc.com', '123 Infrastructure Blvd, Chicago, IL', '312-234-7654'),
('SolarTech Solutions', 'support@solartechsolutions.com', '654 Photon Ln, Austin, TX', '512-345-1234'),
('Retail Experts', 'sales@retailexperts.com', '321 Commerce Blvd, Denver, CO', '303-234-5678'),
('Event Makers', 'jobs@eventmakers.com', '789 Party Rd, Las Vegas, NV', '702-987-1234'),
('Luxury Living', 'contact@luxuryliving.com', '456 Comfort Ln, Miami, FL', '305-789-6543'),
('Fitness Pro', 'train@fitnesspro.com', '123 Gym Blvd, San Jose, CA', '408-234-5678'),
('Healthy Eats', 'info@healthyeats.com', '789 Organic Ln, Portland, OR', '503-345-9876'),
('Artful Expressions', 'hello@artfulexpressions.com', '321 Canvas St, Boston, MA', '617-789-0123');


# INSERT INTO Job (employerID, JobCategoryID, Name, Description, numOpenings, returnOffers, Salary)
# VALUES
#     (1, 1, 'Sofware Engineer Co-op', 'Develop and maintain cutting-edge software applications.', 3, 2, 12000);

    INSERT INTO Job (employerID, JobCategoryID, Name, Description, numOpenings, returnOffers, Salary)
    VALUES
    (1, 1, 'Software Engineer', 'Develop and maintain cutting-edge software applications.', 5, 0, 120000),
    (2, 2, 'Data Scientist', 'Analyze data and create predictive models to guide business decisions.', 3, 1, 115000),
    (3, 3, 'Graphic Designer', 'Design digital assets for marketing campaigns and branding.', 4, 1, 65000),
    (4, 4, 'Cloud Architect', 'Build and maintain scalable cloud infrastructure.', 2, 1, 135000),
    (5, 5, 'Environmental Engineer', 'Design sustainable solutions for waste management and energy.', 3, 0, 95000),
    (6, 6, 'Marketing Specialist', 'Develop marketing strategies and execute campaigns.', 6, 0, 70000),
    (7, 1, 'AI Research Scientist', 'Conduct research in artificial intelligence and machine learning.', 2, 1, 140000),
    (8, 5, 'Urban Planner', 'Plan city layouts and optimize land use.', 3, 1, 85000),
    (9, 7, 'Robotics Engineer', 'Design and program robotic systems for automation.', 4, 1, 125000),
    (10, 1, 'Mobile App Developer', 'Develop and maintain iOS and Android applications.', 5, 1, 110000),
    (11, 8, 'Healthcare Analyst', 'Analyze healthcare data to improve outcomes.', 3, 0, 90000),
    (12, 1, 'Front-End Developer', 'Create user interfaces for web applications.', 4, 1, 95000),
    (13, 6, 'SEO Specialist', 'Optimize website traffic and improve search engine rankings.', 6, 1, 75000),
    (14, 1, 'Back-End Developer', 'Build scalable server-side applications.', 5, 0, 105000),
    (15, 9, 'Biomedical Engineer', 'Design medical devices and health monitoring systems.', 2, 1, 110000),
    (16, 5, 'Civil Engineer', 'Design and oversee public infrastructure projects.', 3, 1, 90000),
    (17, 4, 'Cloud Security Specialist', 'Ensure the security of cloud-based systems.', 3, 1, 130000),
    (18, 10, 'Game Developer', 'Develop engaging games with unique mechanics.', 4, 1, 85000),
    (19, 3, 'UI/UX Designer', 'Design intuitive and visually appealing user experiences.', 4, 1, 90000),
    (20, 1, 'DevOps Engineer', 'Streamline software development processes and deployments.', 4, 1, 120000),
    (21, 11, 'Nurse Practitioner', 'Provide advanced healthcare services.', 5, 2, 110000),
    (22, 8, 'Data Analyst', 'Interpret and visualize data to support decision-making.', 4, 1, 85000),
    (23, 1, 'ML Engineer', 'Develop machine learning algorithms and applications.', 3, 2, 130000),
    (24, 4, 'Cloud Developer', 'Develop applications for cloud environments.', 3, 1, 125000),
    (25, 9, 'Medical Device Developer', 'Create innovative solutions in medical technology.', 3, 1, 115000),
    (26, 7, 'Automation Engineer', 'Design and test automation systems.', 3, 1, 100000),
    (27, 10, 'Game Designer', 'Conceptualize and design video games.', 2, 0, 80000),
    (28, 6, 'Social Media Manager', 'Develop and manage social media strategies.', 5, 2, 70000),
    (29, 12, 'Accounting Manager', 'Oversee financial reporting and compliance.', 4, 2, 95000),
    (30, 4, 'Cloud Software Engineer', 'Develop software optimized for cloud platforms.', 4, 0, 120000),
    (31, 5, 'Renewable Energy Consultant', 'Advise on sustainable energy solutions.', 3, 1, 90000),
    (32, 8, 'Biostatistician', 'Analyze biological data for research studies.', 3, 1, 95000),
    (33, 11, 'Medical Researcher', 'Conduct research to advance medical science.', 3, 1, 115000),
    (34, 6, 'PR Specialist', 'Manage public relations and brand reputation.', 4, 1, 80000),
    (35, 10, 'Level Designer', 'Design and refine levels for video games.', 2, 0, 85000),
    (36, 1, 'Blockchain Developer', 'Develop and deploy blockchain-based applications.', 3, 1, 130000),
    (37, 3, 'Art Director', 'Oversee artistic direction for media projects.', 2, 1, 100000),
    (38, 7, 'Mechatronics Engineer', 'Develop systems that integrate mechanical and electronic components.', 3, 0, 120000),
    (25, 9, 'Clinical Trials Coordinator', 'Manage clinical trials for new medications.', 3, 1, 95000),
    (25, 11, 'Physician Assistant', 'Provide healthcare under the supervision of a doctor.', 4, 2, 115000);

INSERT INTO Student (NUID, bDate, firstName, lastName, Email, school, major, GradYear, searchStatus)
VALUES
    (100001, '2001-03-15', 'Alice', 'Smith', 'alice.smith01@example.com', 'Engineering', 'Computer Science', 2024, TRUE),
    (100002, '2000-08-22', 'Bob', 'Johnson', 'bob.johnson02@example.com', 'Business', 'Finance', 2023, FALSE),
    (100003, '2002-05-30', 'Catherine', 'Williams', 'catherine.williams03@example.com', 'Arts', 'Graphic Design', 2025, TRUE),
    (100004, '2001-12-11', 'David', 'Brown', 'david.brown04@example.com', 'Science', 'Biology', 2024, FALSE),
    (100005, '1999-07-04', 'Eleanor', 'Jones', 'eleanor.jones05@example.com', 'Health Sciences', 'Nursing', 2022, FALSE),
    (100006, '2003-02-17', 'Frank', 'Garcia', 'frank.garcia06@example.com', 'Engineering', 'Mechanical Engineering', 2026, TRUE),
    (100007, '2000-11-09', 'Grace', 'Martinez', 'grace.martinez07@example.com', 'Business', 'Marketing', 2023, TRUE),
    (100008, '2001-04-18', 'Hank', 'Lopez', 'hank.lopez08@example.com', 'Law', 'Criminal Justice', 2024, FALSE),
    (100009, '2002-09-07', 'Ivy', 'Wilson', 'ivy.wilson09@example.com', 'Arts', 'Music', 2025, TRUE),
    (100010, '1998-06-21', 'Jack', 'Anderson', 'jack.anderson10@example.com', 'Health Sciences', 'Pharmacy', 2021, TRUE),
    (100011, '2000-03-02', 'Kelly', 'Thomas', 'kelly.thomas11@example.com', 'Engineering', 'Electrical Engineering', 2023, TRUE),
    (100012, '1999-10-15', 'Liam', 'Taylor', 'liam.taylor12@example.com', 'Science', 'Physics', 2022, FALSE),
    (100013, '2001-12-23', 'Mia', 'Moore', 'mia.moore13@example.com', 'Business', 'Accounting', 2024, FALSE),
    (100014, '2003-01-09', 'Noah', 'Jackson', 'noah.jackson14@example.com', 'Arts', 'Theater', 2026, TRUE),
    (100015, '2002-05-26', 'Olivia', 'White', 'olivia.white15@example.com', 'Engineering', 'Civil Engineering', 2025, FALSE),
    (100016, '2000-08-11', 'Paul', 'Harris', 'paul.harris16@example.com', 'Health Sciences', 'Public Health', 2023, TRUE),
    (100017, '2003-03-03', 'Quinn', 'Martin', 'quinn.martin17@example.com', 'Science', 'Chemistry', 2026, TRUE),
    (100018, '2002-09-30', 'Rachel', 'Thompson', 'rachel.thompson18@example.com', 'Law', 'Political Science', 2025, FALSE),
    (100019, '1998-07-15', 'Steve', 'Martinez', 'steve.martinez19@example.com', 'Health Sciences', 'Dental Hygiene', 2021, TRUE),
    (100020, '2001-06-14', 'Tina', 'Clark', 'tina.clark20@example.com', 'Engineering', 'Software Engineering', 2024, FALSE),
    (100021, '2002-01-19', 'Umar', 'Lewis', 'umar.lewis21@example.com', 'Arts', 'Painting', 2025, TRUE),
    (100022, '2003-11-25', 'Victoria', 'Young', 'victoria.young22@example.com', 'Business', 'Entrepreneurship', 2026, TRUE),
    (100023, '2001-08-13', 'Walter', 'Hall', 'walter.hall23@example.com', 'Science', 'Environmental Science', 2024, FALSE),
    (100024, '2000-04-20', 'Xander', 'Allen', 'xander.allen24@example.com', 'Law', 'Law', 2023, TRUE),
    (100025, '1999-02-12', 'Yasmin', 'Wright', 'yasmin.wright25@example.com', 'Health Sciences', 'Healthcare Administration', 2022, FALSE),
    (100026, '2001-10-01', 'Zachary', 'King', 'zachary.king26@example.com', 'Engineering', 'Aeronautical Engineering', 2024, TRUE),
    (100027, '2002-03-16', 'Amber', 'Scott', 'amber.scott27@example.com', 'Arts', 'Film', 2025, TRUE),
    (100028, '1999-12-07', 'Brandon', 'Green', 'brandon.green28@example.com', 'Science', 'Geology', 2022, FALSE),
    (100029, '2000-05-25', 'Chloe', 'Adams', 'chloe.adams29@example.com', 'Business', 'Supply Chain Management', 2023, TRUE),
    (100030, '2003-08-30', 'Daniel', 'Nelson', 'daniel.nelson30@example.com', 'Health Sciences', 'Physical Therapy', 2026, TRUE),
    (100031, '2001-11-08', 'Emma', 'Baker', 'emma.baker31@example.com', 'Law', 'International Relations', 2024, FALSE),
    (100032, '1998-09-22', 'Felix', 'Carter', 'felix.carter32@example.com', 'Engineering', 'Robotics', 2021, FALSE),
    (100033, '2002-06-03', 'Gabriel', 'Perez', 'gabriel.perez33@example.com', 'Arts', 'Dance', 2025, TRUE),
    (100034, '2001-02-11', 'Hannah', 'Evans', 'hannah.evans34@example.com', 'Science', 'Astronomy', 2024, TRUE),
    (100035, '2003-10-14', 'Isaac', 'Turner', 'isaac.turner35@example.com', 'Business', 'Human Resources', 2026, FALSE),
    (100036, '2000-07-21', 'Jasmine', 'Roberts', 'jasmine.roberts36@example.com', 'Health Sciences', 'Nutrition', 2023, TRUE),
    (100037, '2001-04-12', 'Kevin', 'Mitchell', 'kevin.mitchell37@example.com', 'Engineering', 'Biomedical Engineering', 2024, FALSE),
    (100038, '2002-12-18', 'Laura', 'Perez', 'laura.perez38@example.com', 'Arts', 'Photography', 2025, TRUE),
    (100039, '1999-06-27', 'Mason', 'Collins', 'mason.collins39@example.com', 'Science', 'Microbiology', 2022, FALSE),
    (100040, '2003-01-06', 'Nina', 'Stewart', 'nina.stewart40@example.com', 'Business', 'Management', 2026, TRUE),
    (100041, '2000-03-08', 'Oscar', 'Morgan', 'oscar.morgan41@example.com', 'Law', 'Legal Studies', 2023, TRUE),
    (100042, '1998-11-29', 'Penny', 'Hughes', 'penny.hughes42@example.com', 'Health Sciences', 'Kinesiology', 2021, FALSE),
    (100043, '2001-09-17', 'Quentin', 'Reed', 'quentin.reed43@example.com', 'Engineering', 'Petroleum Engineering', 2024, TRUE),
    (100044, '2003-02-22', 'Rebecca', 'Howard', 'rebecca.howard44@example.com', 'Arts', 'Sculpture', 2026, TRUE),
    (100045, '2002-07-05', 'Samuel', 'Ward', 'samuel.ward45@example.com', 'Science', 'Marine Biology', 2025, FALSE),
    (100046, '1999-12-10', 'Tara', 'Cox', 'tara.cox46@example.com', 'Business', 'Economics', 2022, TRUE),
    (100047, '2000-05-01', 'Uma', 'Sanders', 'uma.sanders47@example.com', 'Arts', 'Literature', 2023, FALSE),
    (100048, '2001-04-30', 'Victor', 'Price', 'victor.price48@example.com', 'Health Sciences', 'Occupational Therapy', 2024, TRUE),
    (100049, '2003-10-03', 'Wendy', 'Brooks', 'wendy.brooks49@example.com', 'Engineering', 'Environmental Engineering', 2026, TRUE),
    (100050, '2002-01-20', 'Xenia', 'Wood', 'xenia.wood50@example.com', 'Science', 'Zoology', 2025, FALSE),
    (100051, '1999-09-09', 'Yuri', 'Bell', 'yuri.bell51@example.com', 'Law', 'Public Administration', 2022, FALSE),
    (100052, '2000-12-13', 'Zoe', 'Murphy', 'zoe.murphy52@example.com', 'Business', 'Business Analytics', 2023, TRUE),
    (100053, '2001-07-28', 'Aaron', 'Bailey', 'aaron.bailey53@example.com', 'Arts', 'Creative Writing', 2024, FALSE),
    (100054, '2003-06-06', 'Bella', 'Rivera', 'bella.rivera54@example.com', 'Engineering', 'Material Science', 2026, TRUE),
    (100055, '1998-10-18', 'Caleb', 'Gray', 'caleb.gray55@example.com', 'Science', 'Ecology', 2021, TRUE),
    (100056, '2000-08-14', 'Diana', 'Ramirez', 'diana.ramirez56@example.com', 'Law', 'International Law', 2023, TRUE),
    (100057, '2001-05-22', 'Ethan', 'Cooper', 'ethan.cooper57@example.com', 'Business', 'Operations Management', 2024, FALSE),
    (100058, '2002-11-12', 'Fiona', 'Richardson', 'fiona.richardson58@example.com', 'Health Sciences', 'Speech Therapy', 2025, TRUE),
    (100059, '2000-03-30', 'George', 'Kim', 'george.kim59@example.com', 'Science', 'Meteorology', 2023, TRUE),
    (100060, '1999-02-26', 'Holly', 'Walker', 'holly.walker60@example.com', 'Arts', 'Fashion Design', 2022, FALSE),
    (100061, '2003-04-09', 'Ian', 'Hall', 'ian.hall61@example.com', 'Engineering', 'Computer Engineering', 2026, TRUE),
    (100062, '2000-10-24', 'Julia', 'Scott', 'julia.scott62@example.com', 'Law', 'Judicial Studies', 2023, FALSE),
    (100063, '2000-05-15', 'Mark', 'Smith', 'mark.smith@example.com', 'University of Example', 'Electrical Engineering', 2024, TRUE),
    (100064, '2001-12-08', 'Kyle', 'Adams', 'kyle.adams63@example.com', 'Science', 'Genetics', 2024, TRUE);

INSERT INTO StudentJobs (NUID, jobID, StartDate, EndDate) VALUES
(100001, 1, '2021-01-15', '2021-06-15'),
(100002, 2, '2022-02-01', '2022-07-01'),
(100003, 3, '2023-03-10', '2023-08-10'),
(100004, 4, '2020-09-01', '2021-02-01'),
(100005, 5, '2022-11-15', '2023-04-15'),
(100006, 6, '2021-05-01', '2021-10-01'),
(100007, 7, '2023-06-01', '2023-11-01'),
(100008, 8, '2020-12-01', '2021-05-01'),
(100009, 9, '2022-03-15', '2022-08-15'),
(100010, 10, '2021-07-01', '2021-12-01'),
(100011, 11, '2023-01-10', '2023-06-10'),
(100012, 12, '2022-09-01', '2023-02-01'),
(100013, 13, '2021-11-15', '2022-04-15'),
(100014, 14, '2020-06-01', '2020-11-01'),
(100015, 15, '2023-05-01', '2023-10-01'),
(100016, 16, '2021-02-15', '2021-07-15'),
(100017, 17, '2022-08-01', '2023-01-01'),
(100018, 18, '2020-10-01', '2021-03-01'),
(100019, 19, '2021-03-15', '2021-08-15'),
(100020, 20, '2022-04-01', '2022-09-01'),
(100021, 21, '2023-07-01', '2023-12-01'),
(100022, 22, '2020-11-15', '2021-04-15'),
(100023, 23, '2021-08-01', '2022-01-01'),
(100024, 24, '2022-05-01', '2022-10-01'),
(100025, 25, '2020-07-01', '2020-12-01'),
(100026, 26, '2023-02-15', '2023-07-15'),
(100027, 27, '2021-04-01', '2021-09-01'),
(100028, 28, '2022-06-01', '2022-11-01'),
(100029, 29, '2020-08-15', '2021-01-15'),
(100030, 30, '2023-08-01', '2024-01-01'),
(100031, 31, '2021-01-10', '2021-06-10'),
(100032, 32, '2022-12-01', '2023-05-01'),
(100033, 33, '2020-09-15', '2021-02-15'),
(100034, 34, '2021-06-01', '2021-11-01'),
(100035, 35, '2023-03-01', '2023-08-01'),
(100036, 36, '2020-10-15', '2021-03-15'),
(100037, 37, '2022-01-01', '2022-06-01'),
(100038, 38, '2023-09-01', '2024-02-01'),
(100039, 39, '2021-07-15', '2021-12-15'),
(100040, 40, '2022-03-01', '2022-08-01'),
(100041, 1, '2020-12-15', '2021-05-15'),
(100042, 2, '2023-04-01', '2023-09-01'),
(100043, 3, '2021-02-01', '2021-07-01'),
(100044, 4, '2022-07-15', '2022-12-15'),
(100045, 5, '2023-05-15', '2023-10-15'),
(100046, 6, '2020-06-01', '2020-11-01'),
(100047, 7, '2021-03-01', '2021-08-01'),
(100048, 8, '2023-08-15', '2024-01-15'),
(100049, 9, '2022-05-01', '2022-10-01'),
(100050, 10, '2021-10-15', '2022-03-15'),
(100051, 11, '2020-09-01', '2021-02-01'),
(100052, 12, '2023-06-15', '2023-11-15'),
(100053, 13, '2022-02-15', '2022-07-15'),
(100054, 14, '2021-01-01', '2021-06-01'),
(100055, 15, '2023-09-01', '2024-02-01'),
(100056, 16, '2020-07-15', '2020-12-15'),
(100057, 17, '2021-12-01', '2022-05-01'),
(100058, 18, '2023-03-15', '2023-08-15'),
(100059, 19, '2020-08-01', '2021-01-01'),
(100060, 20, '2022-04-15', '2022-09-15'),
(100061, 21, '2021-02-15', '2021-07-15'),
(100062, 22, '2023-07-01', '2023-12-01'),
(100042, 8, '2023-07-01', '2023-12-01'),
(100063, 23, '2020-11-01', '2021-04-01');


INSERT INTO Review (StudentNUID, learningOpportunities, workCulture, overallSatisfaction, Mentorship, textReview, JobID) VALUES
(100001, 8, 7, 8, 9, 'Great experience learning software engineering fundamentals and collaborating with a team.', 1),
(100002, 9, 8, 9, 8, 'This co-op offered valuable opportunities for growth and hands-on learning.', 2),
(100003, 6, 7, 7, 6, 'Good work culture but limited mentorship opportunities.', 3),
(100004, 10, 9, 9, 9, 'Exceptional mentorship and opportunities to learn about machine learning.', 4),
(100005, 7, 6, 7, 7, 'Enjoyed working on UI/UX projects, but work culture could improve.', 5),
(100006, 8, 9, 8, 8, 'Collaborative environment with plenty of support from senior developers.', 6),
(100007, 7, 8, 7, 7, 'Interesting work in data analytics, though workload was heavy.', 7),
(100008, 9, 7, 8, 8, 'Good exposure to product management tasks and team leadership.', 8),
(100009, 8, 8, 8, 8, 'Learned about cloud computing and DevOps in a supportive team.', 9),
(100010, 10, 9, 10, 9, 'Amazing exposure to AI research with top-notch mentorship.', 10),
(100011, 6, 6, 7, 6, 'Workload was manageable but lacked challenging tasks.', 11),
(100012, 8, 7, 8, 7, 'Interesting internship in cybersecurity, learned a lot.', 12),
(100013, 7, 6, 7, 8, 'Mentors were helpful, but the work was monotonous.', 13),
(100014, 9, 8, 9, 8, 'Great place to explore backend development and scaling systems.', 14),
(100015, 8, 9, 9, 9, 'Collaborative environment with a strong focus on innovation.', 15),
(100016, 7, 8, 7, 8, 'Work culture was good, and the mentorship was solid.', 16),
(100017, 10, 10, 9, 9, 'Unparalleled mentorship and learning opportunities in robotics.', 17),
(100018, 8, 7, 7, 8, 'Learned a lot about blockchain technology, but workload was heavy.', 18),
(100019, 6, 7, 6, 6, 'Average work culture, with limited growth opportunities.', 19),
(100020, 9, 8, 9, 9, 'Great exposure to embedded systems and IoT development.', 20),
(100021, 8, 8, 8, 8, 'The job was exciting, with a lot of hands-on experience.', 21),
(100022, 7, 6, 7, 6, 'Work culture was a bit competitive, but learning was good.', 22),
(100023, 10, 9, 9, 10, 'Fantastic team and excellent learning opportunities in finance tech.', 23),
(100024, 8, 7, 8, 7, 'Good exposure to sales analytics with solid mentorship.', 24),
(100025, 9, 8, 9, 9, 'Supportive environment and exciting challenges in AI research.', 25),
(100026, 6, 6, 7, 6, 'Tasks were repetitive, but the work culture was decent.', 26),
(100027, 9, 9, 9, 9, 'Amazing exposure to game development and a collaborative team.', 27),
(100028, 8, 7, 8, 8, 'Exciting projects in AR/VR but needed more mentorship.', 28),
(100029, 7, 8, 7, 7, 'Good exposure to project management in a dynamic team.', 29),
(100030, 8, 9, 9, 8, 'Excellent mentorship and exposure to cloud technologies.', 30),
(100031, 10, 10, 9, 9, 'Incredible opportunity to work on machine learning algorithms.', 31),
(100032, 7, 6, 7, 7, 'The work was engaging but lacked innovation.', 32),
(100033, 8, 8, 8, 8, 'Learned a lot about SaaS development in a supportive team.', 33),
(100034, 9, 8, 9, 9, 'Fantastic exposure to fintech and client-facing roles.', 34),
(100035, 6, 7, 7, 6, 'Average work environment but decent learning opportunities.', 35),
(100036, 8, 9, 8, 8, 'Collaborative team and excellent mentorship in cybersecurity.', 36),
(100037, 7, 7, 8, 7, 'Good internship with solid exposure to database management.', 37),
(100038, 9, 8, 9, 9, 'Supportive mentors and engaging tasks in mobile app development.', 38),
(100039, 10, 9, 10, 10, 'Exceptional mentorship and exposure to autonomous vehicles.', 39),
(100040, 8, 7, 8, 8, 'Great learning experience in full-stack development.', 40),
(100041, 4, 3, 2, 3, 'The lack of structure and guidance made the experience frustrating.', 1),
(100042, 2, 2, 3, 2, 'Work-life balance was poor, with frequent overtime and no appreciation.', 2),
(100043, 3, 2, 3, 3, 'Tasks were mostly menial and did not align with my career goals.', 3),
(100044, 1, 2, 2, 1, 'Toxic company culture and unapproachable management made the co-op unpleasant.', 4),
(100045, 3, 3, 2, 3, 'Assigned tasks unrelated to my field of study, wasting valuable time.', 5),
(100046, 2, 3, 2, 2, 'Severe communication gaps between departments caused unnecessary delays.', 6),
(100047, 3, 3, 3, 3, 'Outdated tools and resources hindered efficiency and growth.', 7),
(100048, 2, 2, 3, 2, 'Terrible onboarding process left me unprepared for weeks.', 8),
(100049, 2, 3, 3, 2, 'Experienced favoritism, making it hard to feel valued as an intern.', 9),
(100050, 3, 3, 2, 3, 'Work environment lacked collaboration and meaningful mentorship.', 10),
(100051, 2, 2, 2, 2, 'Team members were unhelpful and dismissive towards interns.', 11),
(100052, 3, 2, 3, 3, 'Tasks were repetitive, and there was little opportunity for learning.', 12),
(100053, 1, 1, 2, 2, 'Faced discrimination and bias in the workplace, which was disheartening.', 13),
(100054, 2, 3, 3, 2, 'The work was mundane and lacked intellectual stimulation.', 14),
(100055, 3, 3, 2, 3, 'Feedback was often vague or non-existent, leaving me confused.', 15),
(100056, 2, 2, 2, 3, 'The internship was poorly managed, with no clear objectives.', 16),
(100057, 3, 3, 2, 3, 'Little effort was made to integrate interns into the team culture.', 17),
(100058, 2, 2, 3, 2, 'Deadlines were unrealistic, with no support provided to meet them.', 18),
(100059, 3, 2, 3, 3, 'The role did not align with the job description provided.', 19),
(100060, 1, 1, 1, 1, 'The job was a complete joke, and the boss was an absolute a**hole.', 20),
(100061, 1, 1, 1, 1, 'I hated every f***ing minute of this co-op; it was a total waste of time.', 21),
(100062, 1, 1, 1, 1, 'The team was full of lazy b****** who dumped all their work on me.', 22),
(100063, 1, 1, 1, 1, 'This place is s***, and the management does not give a damn about interns.', 23),
(100024, 1, 1, 1, 1, 'Such a waste of time, I hope they become bankrupt.', 7),
(100025, 7, 6, 7, 8, 'The experience was good, but I expected more guidance from mentors.', 8),
(100026, 9, 9, 9, 9, 'Excellent co-op program with hands-on training and supportive peers.', 9),
(100027, 6, 7, 7, 6, 'Decent experience, but work culture could improve.', 10),
(100028, 8, 8, 9, 8, 'This co-op helped me build industry-relevant skills.', 11),
(100029, 7, 7, 7, 7, 'Good balance of work and learning, but slightly demanding.', 12),
(100020, 9, 9, 10, 9, 'The best learning experience I have had so far.', 13),
(100031, 6, 6, 6, 5, 'Somewhat repetitive tasks with minimal mentorship.', 14),
(100032, 8, 7, 8, 7, 'Great exposure to industry tools and practices.', 15),
(100033, 7, 8, 7, 6, 'Collaborative work culture but lacked advanced projects.', 16),
(100034, 9, 9, 9, 9, 'Supportive mentors and meaningful projects.', 17),
(100035, 6, 6, 6, 6, 'Could have been better organized with more guidance.', 18),
(100036, 8, 8, 8, 7, 'Solid learning experience overall.', 19),
(100037, 9, 7, 8, 8, 'The team was supportive and the projects were impactful.', 20),
(100038, 6, 6, 6, 5, 'Minimal interaction with mentors and repetitive tasks.', 21),
(100039, 9, 9, 10, 9, 'Exceptional work environment with engaging challenges.', 22),
(100030, 7, 7, 7, 6, 'Decent learning curve but some inefficiencies in process.', 13);


INSERT INTO Notifications (NUID, sentDate, Content) VALUES
(100001, '2024-12-01 08:30:00', 'Your internship application has been received.'),
(100002, '2024-12-01 08:45:00', 'Your co-op application is under review.'),
(100003, '2024-12-01 09:00:00', 'Reminder: Submit supporting documents for your internship.'),
(100004, '2024-12-01 09:15:00', 'Your co-op application has been approved.'),
(100005, '2024-12-01 09:30:00', 'Follow up with your internship coordinator for next steps.'),
(100006, '2024-12-01 09:45:00', 'Your co-op application needs additional details.'),
(100007, '2024-12-01 10:00:00', 'Reminder: Submit your internship review by Dec 10th.'),
(100008, '2024-12-01 10:15:00', 'Co-op interview scheduled on Dec 5th. Check your email for details.'),
(100009, '2024-12-01 10:30:00', 'Internship application deadline extended to Dec 15th.'),
(100010, '2024-12-01 10:45:00', 'Your co-op placement has been confirmed.'),
(100011, '2024-12-01 11:00:00', 'Reminder: Schedule your internship review meeting.'),
(100012, '2024-12-01 11:15:00', 'Your internship application status has been updated.'),
(100013, '2024-12-01 11:30:00', 'Your co-op evaluation form is due soon.'),
(100014, '2024-12-01 11:45:00', 'Follow up with your internship advisor for feedback.'),
(100015, '2024-12-01 12:00:00', 'Your internship application has been approved.'),
(100016, '2024-12-01 12:15:00', 'Co-op review submission deadline is approaching.'),
(100017, '2024-12-01 12:30:00', 'Internship review meeting scheduled for Dec 8th.'),
(100018, '2024-12-01 12:45:00', 'Reminder: Complete your co-op employer evaluation.'),
(100019, '2024-12-01 13:00:00', 'Your co-op application has been forwarded for review.'),
(100020, '2024-12-01 13:15:00', 'Submit your internship timesheet by Dec 7th.'),
(100021, '2024-12-01 13:30:00', 'Co-op advisor feedback is available in your portal.'),
(100022, '2024-12-01 13:45:00', 'Your internship employer review is due soon.'),
(100023, '2024-12-01 14:00:00', 'Update your internship details in the portal.'),
(100024, '2024-12-01 14:15:00', 'Your co-op employer feedback has been submitted.'),
(100025, '2024-12-01 14:30:00', 'Reminder: Submit your internship weekly report.'),
(100026, '2024-12-01 14:45:00', 'Your co-op placement process is underway.'),
(100027, '2024-12-01 15:00:00', 'Internship midterm evaluation is due next week.'),
(100028, '2024-12-01 15:15:00', 'Reminder: Complete your co-op learning objectives.'),
(100029, '2024-12-01 15:30:00', 'Your internship extension request has been approved.'),
(100030, '2024-12-01 15:45:00', 'Submit your final co-op report by Dec 20th.'),
(100031, '2024-12-01 16:00:00', 'Your internship approval is pending supervisor review.'),
(100032, '2024-12-01 16:15:00', 'Reminder: Schedule your co-op advisor meeting.'),
(100033, '2024-12-01 16:30:00', 'Your internship learning objectives have been approved.'),
(100034, '2024-12-01 16:45:00', 'Your co-op review submission has been received.'),
(100035, '2024-12-01 17:00:00', 'Internship site visit scheduled for Dec 6th.'),
(100036, '2024-12-01 17:15:00', 'Co-op midterm review meeting set for Dec 9th.'),
(100037, '2024-12-01 17:30:00', 'Submit your final internship evaluation by Dec 15th.'),
(100038, '2024-12-01 17:45:00', 'Your co-op employer confirmation has been received.'),
(100039, '2024-12-01 18:00:00', 'Internship review comments are available in the portal.'),
(100040, '2024-12-01 18:15:00', 'Your internship end date is approaching.'),
(100041, '2024-12-01 18:30:00', 'Reminder: Provide feedback on your co-op experience.'),
(100042, '2024-12-01 18:45:00', 'Internship final report submission deadline: Dec 15th.'),
(100043, '2024-12-01 19:00:00', 'Co-op site visit scheduled for Dec 8th.'),
(100044, '2024-12-01 19:15:00', 'Internship application processing update available.'),
(100045, '2024-12-01 19:30:00', 'Submit your co-op weekly activity log by Dec 6th.'),
(100046, '2024-12-01 19:45:00', 'Internship advisor feedback is available now.'),
(100047, '2024-12-01 20:00:00', 'Co-op extension request needs additional details.'),
(100048, '2024-12-01 20:15:00', 'Reminder: Upload internship documents to your portal.'),
(100049, '2024-12-01 20:30:00', 'Internship advisor meeting confirmed for Dec 10th.'),
(100050, '2024-12-01 20:45:00', 'Your co-op final evaluation form is due Dec 12th.'),
(100051, '2024-12-01 21:00:00', 'Internship application feedback provided.'),
(100052, '2024-12-01 21:15:00', 'Co-op employer survey submission deadline: Dec 15th.'),
(100053, '2024-12-01 21:30:00', 'Internship midterm evaluation scheduled for Dec 5th.'),
(100054, '2024-12-01 21:45:00', 'Submit your co-op learning plan by Dec 10th.'),
(100055, '2024-12-01 22:00:00', 'Internship placement confirmation email sent.'),
(100056, '2024-12-01 22:15:00', 'Reminder: Complete your co-op timesheet for November.'),
(100057, '2024-12-01 22:30:00', 'Your internship report submission has been received.'),
(100058, '2024-12-01 22:45:00', 'Reminder: Review your co-op agreement details.'),
(100059, '2024-12-01 23:00:00', 'Internship site visit confirmed for Dec 9th.'),
(100060, '2024-12-01 23:15:00', 'Submit your co-op reflection essay by Dec 14th.');


INSERT INTO Starred_Employers (employerID, NUID) VALUES
(1, 100001),
(2, 100002),
(3, 100003),
(4, 100004),
(5, 100005),
(6, 100006),
(7, 100007),
(8, 100008),
(9, 100009),
(10, 100010),
(11, 100011),
(12, 100012),
(13, 100013),
(14, 100014),
(15, 100015),
(16, 100016),
(17, 100017),
(18, 100018),
(19, 100019),
(20, 100020),
(21, 100021),
(22, 100022),
(23, 100023),
(24, 100024),
(25, 100025),
(26, 100026),
(27, 100027),
(28, 100028),
(29, 100029),
(30, 100030),
(31, 100031),
(32, 100032),
(33, 100033),
(34, 100034),
(35, 100035),
(36, 100036),
(37, 100037),
(38, 100038),
(1, 100039),
(2, 100040),
(3, 100041),
(4, 100042),
(5, 100043),
(6, 100044),
(7, 100045),
(8, 100046),
(9, 100047),
(10, 100048),
(11, 100049),
(12, 100050),
(13, 100051),
(14, 100052),
(15, 100053),
(16, 100054),
(17, 100055),
(18, 100056),
(19, 100057),
(20, 100058),
(21, 100059),
(22, 100060),
(23, 100061),
(24, 100062),
(25, 100063),
(26, 100001),
(27, 100002),
(28, 100003),
(29, 100004),
(30, 100005),
(31, 100006),
(32, 100007),
(33, 100008),
(34, 100009),
(35, 100010),
(36, 100011),
(37, 100012),
(38, 100013),
(1, 100014),
(2, 100015),
(3, 100016),
(4, 100017),
(5, 100018),
(6, 100019),
(7, 100020),
(8, 100021),
(9, 100022),
(10, 100023),
(11, 100024),
(12, 100025),
(13, 100026),
(14, 100027),
(15, 100028),
(16, 100029),
(17, 100030),
(18, 100031),
(19, 100032),
(20, 100033),
(21, 100034),
(22, 100035),
(23, 100036),
(24, 100037),
(25, 100038),
(26, 100039),
(27, 100040),
(28, 100041),
(29, 100042),
(30, 100043),
(31, 100044),
(32, 100045),
(33, 100046),
(34, 100047),
(35, 100048),
(36, 100049),
(37, 100050),
(38, 100051),
(1, 100052),
(2, 100053),
(3, 100054),
(4, 100055),
(5, 100056),
(6, 100057),
(7, 100058),
(8, 100059),
(9, 100060),
(10, 100061),
(11, 100062),
(12, 100063);


INSERT INTO Starred_Jobs (JobID, NUID) VALUES
(1, 100001),
(2, 100002),
(3, 100003),
(4, 100004),
(5, 100005),
(6, 100006),
(7, 100007),
(8, 100008),
(9, 100009),
(10, 100010),
(11, 100011),
(12, 100012),
(13, 100013),
(14, 100014),
(15, 100015),
(16, 100016),
(17, 100017),
(18, 100018),
(19, 100019),
(20, 100020),
(21, 100021),
(22, 100022),
(23, 100023),
(24, 100024),
(25, 100025),
(26, 100026),
(27, 100027),
(28, 100028),
(29, 100029),
(30, 100030),
(31, 100031),
(32, 100032),
(33, 100033),
(34, 100034),
(35, 100035),
(36, 100036),
(37, 100037),
(38, 100038),
(39, 100039),
(40, 100040),
(1, 100041),
(2, 100042),
(3, 100043),
(4, 100044),
(5, 100045),
(6, 100046),
(7, 100047),
(8, 100048),
(9, 100049),
(10, 100050),
(11, 100051),
(12, 100052),
(13, 100053),
(14, 100054),
(15, 100055),
(16, 100056),
(17, 100057),
(18, 100058),
(19, 100059),
(20, 100060),
(21, 100061),
(22, 100062),
(23, 100063),
(24, 100001),
(25, 100002),
(26, 100003),
(27, 100004),
(28, 100005),
(29, 100006),
(30, 100007),
(31, 100008),
(32, 100009),
(33, 100010),
(34, 100011),
(35, 100012),
(36, 100013),
(37, 100014),
(38, 100015),
(39, 100016),
(40, 100017),
(1, 100018),
(2, 100019),
(3, 100020),
(4, 100021),
(5, 100022),
(6, 100023),
(7, 100024),
(8, 100025),
(9, 100026),
(10, 100027),
(11, 100028),
(12, 100029),
(13, 100030),
(14, 100031),
(15, 100032),
(16, 100033),
(17, 100034),
(18, 100035),
(19, 100036),
(20, 100037),
(21, 100038),
(22, 100039),
(23, 100040),
(24, 100041),
(25, 100042),
(26, 100043),
(27, 100044),
(28, 100045),
(29, 100046),
(30, 100047),
(31, 100048),
(32, 100049),
(33, 100050),
(34, 100051),
(35, 100052),
(36, 100053),
(37, 100054),
(38, 100055),
(39, 100056),
(40, 100057);

INSERT INTO Starred_Reviews (ReviewID, NUID) VALUES
(1, 100001),
(2, 100002),
(3, 100003),
(4, 100004),
(5, 100005),
(6, 100006),
(7, 100007),
(8, 100008),
(9, 100009),
(10, 100010),
(11, 100011),
(12, 100012),
(13, 100013),
(14, 100014),
(15, 100015),
(16, 100016),
(17, 100017),
(18, 100018),
(19, 100019),
(20, 100020),
(21, 100021),
(22, 100022),
(23, 100023),
(24, 100024),
(25, 100025),
(26, 100026),
(27, 100027),
(28, 100028),
(29, 100029),
(30, 100030),
(31, 100031),
(32, 100032),
(33, 100033),
(34, 100034),
(35, 100035),
(36, 100036),
(37, 100037),
(38, 100038),
(39, 100039),
(40, 100040),
(1, 100041),
(2, 100042),
(3, 100043),
(4, 100044),
(5, 100045),
(6, 100046),
(7, 100047),
(8, 100048),
(9, 100049),
(10, 100050),
(11, 100051),
(12, 100052),
(13, 100053),
(14, 100054),
(15, 100055),
(16, 100056),
(17, 100057),
(18, 100058),
(19, 100059),
(20, 100060),
(21, 100061),
(22, 100062),
(23, 100063),
(24, 100001),
(25, 100002),
(26, 100003),
(27, 100004),
(28, 100005),
(29, 100006),
(30, 100007),
(31, 100008),
(32, 100009),
(33, 100010),
(34, 100011),
(35, 100012),
(36, 100013),
(37, 100014),
(38, 100015),
(39, 100016),
(40, 100017),
(1, 100018),
(2, 100019),
(3, 100020),
(4, 100021),
(5, 100022),
(6, 100023),
(7, 100024),
(8, 100025),
(9, 100026),
(10, 100027),
(11, 100028),
(12, 100029),
(13, 100030),
(14, 100031),
(15, 100032),
(16, 100033),
(17, 100034),
(18, 100035),
(19, 100036),
(20, 100037),
(21, 100038),
(22, 100039),
(23, 100040),
(24, 100041),
(25, 100042),
(26, 100043),
(27, 100044),
(28, 100045),
(29, 100046),
(30, 100047),
(31, 100048),
(32, 100049),
(33, 100050),
(34, 100051),
(35, 100052),
(36, 100053),
(37, 100054),
(38, 100055),
(39, 100056),
(40, 100057);


INSERT INTO Administrator (Name, Email, Role) VALUES
('Alice Johnson', 'alice.johnson@northeastern.edu', 'Career Advisor'),
('Bob Smith', 'bob.smith@northeastern.edu', 'Career Advisor'),
('Charlie Brown', 'charlie.brown@northeastern.edu', 'Database Administrator'),
('David White', 'david.white@northeastern.edu', 'Career Advisor'),
('Eva Green', 'eva.green@northeastern.edu', 'Career Advisor'),
('Frank Harris', 'frank.harris@northeastern.edu', 'Career Advisor'),
('Grace Lee', 'grace.lee@northeastern.edu', 'Career Advisor'),
('Hannah Adams', 'hannah.adams@northeastern.edu', 'Career Advisor'),
('Ivy Taylor', 'ivy.taylor@northeastern.edu', 'Database Administrator'),
('Jack Miller', 'jack.miller@northeastern.edu', 'Career Advisor'),
('Kathy Wilson', 'kathy.wilson@northeastern.edu', 'Career Advisor'),
('Liam Martinez', 'liam.martinez@northeastern.edu', 'Career Advisor'),
('Mia Scott', 'mia.scott@northeastern.edu', 'Career Advisor'),
('Nate Thomas', 'nate.thomas@northeastern.edu', 'Database Administrator'),
('Olivia Anderson', 'olivia.anderson@northeastern.edu', 'Career Advisor'),
('Paul Moore', 'paul.moore@northeastern.edu', 'Career Advisor'),
('Quinn Jackson', 'quinn.jackson@northeastern.edu', 'Career Advisor'),
('Rachel Lee', 'rachel.lee@northeastern.edu', 'Career Advisor'),
('Samuel King', 'samuel.king@northeastern.edu', 'Career Advisor'),
('Tina Lopez', 'tina.lopez@northeastern.edu', 'Career Advisor'),
('Ursula Garcia', 'ursula.garcia@northeastern.edu', 'Career Advisor'),
('Victor Clark', 'victor.clark@northeastern.edu', 'Career Advisor'),
('Wendy Evans', 'wendy.evans@northeastern.edu', 'Career Advisor'),
('Xander Perez', 'xander.perez@northeastern.edu', 'Database Administrator'),
('Yvonne Campbell', 'yvonne.campbell@northeastern.edu', 'Career Advisor'),
('Zachary Walker', 'zachary.walker@northeastern.edu', 'Career Advisor'),
('Ava Mitchell', 'ava.mitchell@northeastern.edu', 'Career Advisor'),
('Brian Foster', 'brian.foster@northeastern.edu', 'Career Advisor'),
('Chloe Robinson', 'chloe.robinson@northeastern.edu', 'Career Advisor');


INSERT INTO Flagged_Content (ReviewID, adminID, ReasonSubmitted, DateFlagged) VALUES
(1, 1, 'Inappropriate language', '2024-09-01 10:15:00'),
(2, 2, 'Offensive remarks about a colleague', '2024-09-01 11:30:00'),
(3, 3, 'Mentions sensitive personal information', '2024-09-01 14:45:00'),
(4, 4, 'Contains discriminatory remarks', '2024-09-02 09:00:00'),
(5, 5, 'Excessive negativity', '2024-09-02 12:30:00'),
(6, 6, 'Inappropriate humor', '2024-09-03 08:20:00'),
(7, 7, 'Unsubstantiated claims', '2024-09-03 13:40:00'),
(8, 8, 'Spam content', '2024-09-04 15:25:00'),
(9, 9, 'Off-topic content', '2024-09-04 16:30:00'),
(10, 10, 'Harmful advice', '2024-09-05 10:10:00'),
(11, 11, 'Excessive use of profanities', '2024-09-05 11:50:00'),
(12, 12, 'Violating privacy', '2024-09-06 09:05:00'),
(13, 13, 'Unnecessary personal attacks', '2024-09-06 10:30:00'),
(14, 14, 'Contains political bias', '2024-09-07 08:40:00'),
(15, 15, 'Misleading information', '2024-09-07 13:00:00'),
(16, 16, 'Inappropriate references', '2024-09-08 09:25:00'),
(17, 17, 'Excessive use of capital letters', '2024-09-08 11:00:00'),
(18, 18, 'Content promoting hate speech', '2024-09-09 12:15:00'),
(19, 19, 'False claims about the employer', '2024-09-09 14:50:00'),
(20, 20, 'Defamatory comments', '2024-09-10 10:05:00'),
(21, 21, 'Inappropriate jokes about race', '2024-09-10 11:45:00'),
(22, 22, 'Spam and irrelevant text', '2024-09-11 14:00:00'),
(23, 23, 'Personal insults', '2024-09-11 15:30:00'),
(24, 24, 'Contains hate speech', '2024-09-12 09:50:00'),
(25, 25, 'False accusation of mistreatment', '2024-09-12 11:20:00'),
(26, 26, 'Explicit content', '2024-09-13 10:30:00'),
(27, 27, 'Trolling behavior', '2024-09-13 12:00:00'),
(28, 28, 'Offensive political commentary', '2024-09-14 14:40:00'),
(29, 29, 'Inappropriate comparisons to other companies', '2024-09-14 16:15:00'),
(30, 1, 'Excessive negativity about a co-worker', '2024-09-15 08:30:00'),
(31, 2, 'Inappropriate stereotyping', '2024-09-15 10:20:00'),
(32, 3, 'Irrelevant review content', '2024-09-16 09:00:00'),
(33, 4, 'Profanity-laden content', '2024-09-16 11:50:00'),
(34, 5, 'Misleading personal opinions', '2024-09-17 10:40:00'),
(35, 6, 'False review about benefits', '2024-09-17 12:20:00'),
(36, 7, 'Disrespectful tone', '2024-09-18 13:30:00'),
(37, 8, 'Explicit personal details', '2024-09-18 14:00:00'),
(38, 9, 'Inciting violence', '2024-09-19 09:10:00'),
(39, 10, 'Unfounded accusations', '2024-09-19 11:15:00'),
(40, 11, 'Negative comments without constructive feedback', '2024-09-20 10:30:00'),
(1, 12, 'Contains inappropriate language', '2024-09-20 13:00:00'),
(2, 13, 'Defamation of character', '2024-09-21 08:45:00'),
(3, 14, 'Excessive profanity', '2024-09-21 09:50:00'),
(4, 15, 'Inaccurate representation of job duties', '2024-09-22 10:00:00'),
(5, 16, 'Offensive jokes about coworkers', '2024-09-22 11:30:00'),
(6, 17, 'Unprofessional tone', '2024-09-23 12:20:00'),
(7, 18, 'Disrespectful towards management', '2024-09-23 14:10:00'),
(8, 19, 'False allegations about work culture', '2024-09-24 10:30:00'),
(9, 20, 'Harmful advice regarding work-life balance', '2024-09-24 12:40:00'),
(10, 21, 'Personal insults towards team members', '2024-09-25 09:10:00'),
(11, 22, 'Promotes harmful stereotypes', '2024-09-25 10:55:00'),
(12, 23, 'Racially insensitive content', '2024-09-26 13:20:00'),
(13, 24, 'Excessive negativity about company policies', '2024-09-26 14:30:00'),
(14, 25, 'Inappropriate personal comparisons', '2024-09-27 10:40:00'),
(15, 26, 'Irrelevant feedback about the job position', '2024-09-27 12:10:00'),
(16, 27, 'Excessive criticism of coworkers', '2024-09-28 09:25:00'),
(17, 28, 'Inaccurate review of working conditions', '2024-09-28 11:30:00'),
(18, 29, 'Disrespectful towards company leadership', '2024-09-29 13:50:00'),
(19, 1, 'False review about workplace benefits', '2024-09-29 15:20:00'),
(20, 2, 'Negative comments about professional development', '2024-09-30 10:00:00');
